<?xml version="1.0" encoding="UTF-8"?>
<beans xmlns="http://www.springframework.org/schema/beans"
       xmlns:xsi="http://www.w3.org/2001/XMLSchema-instance"
       xmlns:aop="http://www.springframework.org/schema/aop"
       xmlns:tx="http://www.springframework.org/schema/tx"
       xmlns:context="http://www.springframework.org/schema/context"
       xsi:schemaLocation="http://www.springframework.org/schema/beans http://www.springframework.org/schema/beans/spring-beans.xsd
                            http://www.springframework.org/schema/tx http://www.springframework.org/schema/tx/spring-tx.xsd
                            http://www.springframework.org/schema/aop http://www.springframework.org/schema/aop/spring-aop.xsd
                            http://www.springframework.org/schema/context http://www.springframework.org/schema/context/spring-context.xsd">
    <!-- 配置 spring 创建容器时要扫描的包 -->
    <context:component-scan base-package="com.cxy">
        <!--制定扫包规则，不扫描@Controller 注解的 JAVA 类，其他的还是要扫描 -->
        <context:exclude-filter type="annotation"
                                expression="org.springframework.stereotype.Controller"/>
    </context:component-scan>
    <!-- 加载配置文件 -->
    <context:property-placeholder location="classpath:db.properties"/>
    <!-- 配置 MyBatis 的 Session 工厂 -->
    <bean id="sqlSessionFactory" class="org.mybatis.spring.SqlSessionFactoryBean">
        <!-- 数据库连接池 -->
        <property name="dataSource" ref="dataSource"/>
    </bean>
    <!-- 配置数据源 -->
    <bean id="dataSource" class="com.mchange.v2.c3p0.ComboPooledDataSource">
        <property name="driverClass" value="${jdbc.driver}"></property>
        <property name="jdbcUrl" value="${jdbc.url}"></property>
        <property name="user" value="${jdbc.username}"></property>
        <property name="password" value="${jdbc.password}"></property>
    </bean>
    <!-- 配置 Mapper 扫描器 -->
    <bean class="org.mybatis.spring.mapper.MapperScannerConfigurer">
        <property name="basePackage" value="com.cxy.dao"/>
    </bean>
<!--    <tx:annotation-driven/>-->
    <!-- 配置事务管理器 -->
    <bean id="transactionManager" class="org.springframework.jdbc.datasource.DataSourceTransactionManager">
        <property name="dataSource" ref="dataSource"/>
    </bean>
    <!-- 配置事务的通知 -->
    <tx:advice id="txAdvice" transaction-manager="transactionManager">
    	<tx:attributes>
    		<tx:method name="*" propagation="REQUIRED" read-only="false"/>
    		<tx:method name="find*" propagation="SUPPORTS" read-only="true"/>
    	</tx:attributes>
    </tx:advice>
    <!-- 配置aop -->
    <aop:config>
    	<aop:pointcut expression="execution(* com.cxy.service.impl.*.*(..))" id="pt1"/>
    	<aop:advisor advice-ref="txAdvice" pointcut-ref="pt1"/>
    </aop:config>
</beans>